{
    "$schema": "https://schema.management.azure.com/schemas/2015-01-01/deploymentParameters.json#",
    "contentVersion": "1.0.0.0",
    "parameters": {
        "vulnerabilityAssessments_Default_storageContainerPath": {
            "value": null
        },
        "servers_sunildbsrvr_name": {
            "value": null
        },
        "workspaces_Data_ws_name": {
            "value": null
        },
        "storageAccounts_datargblobsa_name": {
            "value": null
        },
        "storageAccounts_datarggenstorev2_name": {
            "value": null
        }
    }
}