{
    "$schema": "https://schema.management.azure.com/schemas/2015-01-01/deploymentTemplate.json#",
    "contentVersion": "1.0.0.0",
    "parameters": {
        "vulnerabilityAssessments_Default_storageContainerPath": {
            "type": "SecureString"
        },
        "servers_sunildbsrvr_name": {
            "defaultValue": "sunildbsrvr",
            "type": "String"
        },
        "workspaces_Data_ws_name": {
            "defaultValue": "Data-ws",
            "type": "String"
        },
        "storageAccounts_datargblobsa_name": {
            "defaultValue": "datargblobsa",
            "type": "String"
        },
        "storageAccounts_datarggenstorev2_name": {
            "defaultValue": "datarggenstorev2",
            "type": "String"
        }
    },
    "variables": {},
    "resources": [
        {
            "type": "Microsoft.Databricks/workspaces",
            "apiVersion": "2018-04-01",
            "name": "[parameters('workspaces_Data_ws_name')]",
            "location": "eastus2",
            "sku": {
                "name": "standard"
            },
            "properties": {
                "managedResourceGroupId": "[concat('/subscriptions/65450483-9aff-4954-a9db-30a41ad93dcf/resourceGroups/databricks-rg-', parameters('workspaces_Data_ws_name'), '-3erkcvw3yrm4c')]",
                "parameters": {
                    "enableNoPublicIp": {
                        "type": "Bool",
                        "value": false
                    },
                    "prepareEncryption": {
                        "type": "Bool",
                        "value": false
                    },
                    "requireInfrastructureEncryption": {
                        "type": "Bool",
                        "value": false
                    }
                },
                "authorizations": [
                    {
                        "principalId": "9a74af6f-d153-4348-988a-e2672920bee9",
                        "roleDefinitionId": "8e3af657-a8ff-443c-a75c-2fe8c4bcb635"
                    }
                ],
                "createdBy": {},
                "updatedBy": {},
                "createdDateTime": "2020-11-16T12:57:19.5517101Z"
            }
        },
        {
            "type": "Microsoft.Sql/servers",
            "apiVersion": "2019-06-01-preview",
            "name": "[parameters('servers_sunildbsrvr_name')]",
            "location": "eastus2",
            "kind": "v12.0",
            "properties": {
                "administratorLogin": "sunil",
                "version": "12.0",
                "publicNetworkAccess": "Enabled"
            }
        },
        {
            "type": "Microsoft.Storage/storageAccounts",
            "apiVersion": "2020-08-01-preview",
            "name": "[parameters('storageAccounts_datargblobsa_name')]",
            "location": "eastus2",
            "sku": {
                "name": "Standard_LRS",
                "tier": "Standard"
            },
            "kind": "BlobStorage",
            "properties": {
                "minimumTlsVersion": "TLS1_2",
                "allowBlobPublicAccess": true,
                "networkAcls": {
                    "bypass": "AzureServices",
                    "virtualNetworkRules": [],
                    "ipRules": [],
                    "defaultAction": "Allow"
                },
                "supportsHttpsTrafficOnly": true,
                "encryption": {
                    "services": {
                        "file": {
                            "keyType": "Account",
                            "enabled": true
                        },
                        "blob": {
                            "keyType": "Account",
                            "enabled": true
                        }
                    },
                    "keySource": "Microsoft.Storage"
                },
                "accessTier": "Hot"
            }
        },
        {
            "type": "Microsoft.Storage/storageAccounts",
            "apiVersion": "2020-08-01-preview",
            "name": "[parameters('storageAccounts_datarggenstorev2_name')]",
            "location": "eastus2",
            "sku": {
                "name": "Standard_RAGRS",
                "tier": "Standard"
            },
            "kind": "StorageV2",
            "properties": {
                "minimumTlsVersion": "TLS1_2",
                "allowBlobPublicAccess": true,
                "networkAcls": {
                    "bypass": "AzureServices",
                    "virtualNetworkRules": [],
                    "ipRules": [],
                    "defaultAction": "Allow"
                },
                "supportsHttpsTrafficOnly": true,
                "encryption": {
                    "services": {
                        "file": {
                            "keyType": "Account",
                            "enabled": true
                        },
                        "blob": {
                            "keyType": "Account",
                            "enabled": true
                        }
                    },
                    "keySource": "Microsoft.Storage"
                },
                "accessTier": "Hot"
            }
        },
        {
            "type": "Microsoft.Sql/servers/advisors",
            "apiVersion": "2014-04-01",
            "name": "[concat(parameters('servers_sunildbsrvr_name'), '/CreateIndex')]",
            "dependsOn": [
                "[resourceId('Microsoft.Sql/servers', parameters('servers_sunildbsrvr_name'))]"
            ],
            "properties": {
                "autoExecuteValue": "Disabled"
            }
        },
        {
            "type": "Microsoft.Sql/servers/advisors",
            "apiVersion": "2014-04-01",
            "name": "[concat(parameters('servers_sunildbsrvr_name'), '/DbParameterization')]",
            "dependsOn": [
                "[resourceId('Microsoft.Sql/servers', parameters('servers_sunildbsrvr_name'))]"
            ],
            "properties": {
                "autoExecuteValue": "Disabled"
            }
        },
        {
            "type": "Microsoft.Sql/servers/advisors",
            "apiVersion": "2014-04-01",
            "name": "[concat(parameters('servers_sunildbsrvr_name'), '/DefragmentIndex')]",
            "dependsOn": [
                "[resourceId('Microsoft.Sql/servers', parameters('servers_sunildbsrvr_name'))]"
            ],
            "properties": {
                "autoExecuteValue": "Disabled"
            }
        },
        {
            "type": "Microsoft.Sql/servers/advisors",
            "apiVersion": "2014-04-01",
            "name": "[concat(parameters('servers_sunildbsrvr_name'), '/DropIndex')]",
            "dependsOn": [
                "[resourceId('Microsoft.Sql/servers', parameters('servers_sunildbsrvr_name'))]"
            ],
            "properties": {
                "autoExecuteValue": "Disabled"
            }
        },
        {
            "type": "Microsoft.Sql/servers/advisors",
            "apiVersion": "2014-04-01",
            "name": "[concat(parameters('servers_sunildbsrvr_name'), '/ForceLastGoodPlan')]",
            "dependsOn": [
                "[resourceId('Microsoft.Sql/servers', parameters('servers_sunildbsrvr_name'))]"
            ],
            "properties": {
                "autoExecuteValue": "Enabled"
            }
        },
        {
            "type": "Microsoft.Sql/servers/auditingPolicies",
            "apiVersion": "2014-04-01",
            "name": "[concat(parameters('servers_sunildbsrvr_name'), '/Default')]",
            "location": "East US 2",
            "dependsOn": [
                "[resourceId('Microsoft.Sql/servers', parameters('servers_sunildbsrvr_name'))]"
            ],
            "properties": {
                "auditingState": "Disabled"
            }
        },
        {
            "type": "Microsoft.Sql/servers/auditingSettings",
            "apiVersion": "2017-03-01-preview",
            "name": "[concat(parameters('servers_sunildbsrvr_name'), '/Default')]",
            "dependsOn": [
                "[resourceId('Microsoft.Sql/servers', parameters('servers_sunildbsrvr_name'))]"
            ],
            "properties": {
                "retentionDays": 0,
                "auditActionsAndGroups": [],
                "isStorageSecondaryKeyInUse": false,
                "isAzureMonitorTargetEnabled": false,
                "state": "Disabled",
                "storageAccountSubscriptionId": "00000000-0000-0000-0000-000000000000"
            }
        },
        {
            "type": "Microsoft.Sql/servers/databases",
            "apiVersion": "2020-08-01-preview",
            "name": "[concat(parameters('servers_sunildbsrvr_name'), '/Azure_DW')]",
            "location": "eastus2",
            "dependsOn": [
                "[resourceId('Microsoft.Sql/servers', parameters('servers_sunildbsrvr_name'))]"
            ],
            "sku": {
                "name": "DataWarehouse",
                "tier": "DataWarehouse",
                "capacity": 900
            },
            "kind": "v12.0,user,datawarehouse,gen2",
            "properties": {
                "collation": "SQL_Latin1_General_CP1_CI_AS",
                "maxSizeBytes": 263882790666240,
                "catalogCollation": "SQL_Latin1_General_CP1_CI_AS",
                "readScale": "Disabled",
                "storageAccountType": "GRS"
            }
        },
        {
            "type": "Microsoft.Sql/servers/databases/auditingPolicies",
            "apiVersion": "2014-04-01",
            "name": "[concat(parameters('servers_sunildbsrvr_name'), '/master/Default')]",
            "location": "East US 2",
            "dependsOn": [
                "[resourceId('Microsoft.Sql/servers', parameters('servers_sunildbsrvr_name'))]"
            ],
            "properties": {
                "auditingState": "Disabled"
            }
        },
        {
            "type": "Microsoft.Sql/servers/databases/auditingSettings",
            "apiVersion": "2017-03-01-preview",
            "name": "[concat(parameters('servers_sunildbsrvr_name'), '/master/Default')]",
            "dependsOn": [
                "[resourceId('Microsoft.Sql/servers', parameters('servers_sunildbsrvr_name'))]"
            ],
            "properties": {
                "retentionDays": 0,
                "isAzureMonitorTargetEnabled": false,
                "state": "Disabled",
                "storageAccountSubscriptionId": "00000000-0000-0000-0000-000000000000"
            }
        },
        {
            "type": "Microsoft.Sql/servers/databases/extendedAuditingSettings",
            "apiVersion": "2017-03-01-preview",
            "name": "[concat(parameters('servers_sunildbsrvr_name'), '/master/Default')]",
            "dependsOn": [
                "[resourceId('Microsoft.Sql/servers', parameters('servers_sunildbsrvr_name'))]"
            ],
            "properties": {
                "retentionDays": 0,
                "isAzureMonitorTargetEnabled": false,
                "state": "Disabled",
                "storageAccountSubscriptionId": "00000000-0000-0000-0000-000000000000"
            }
        },
        {
            "type": "Microsoft.Sql/servers/databases/geoBackupPolicies",
            "apiVersion": "2014-04-01",
            "name": "[concat(parameters('servers_sunildbsrvr_name'), '/master/Default')]",
            "location": "East US 2",
            "dependsOn": [
                "[resourceId('Microsoft.Sql/servers', parameters('servers_sunildbsrvr_name'))]"
            ],
            "properties": {
                "state": "Disabled"
            }
        },
        {
            "type": "Microsoft.Sql/servers/databases/securityAlertPolicies",
            "apiVersion": "2020-02-02-preview",
            "name": "[concat(parameters('servers_sunildbsrvr_name'), '/master/Default')]",
            "dependsOn": [
                "[resourceId('Microsoft.Sql/servers', parameters('servers_sunildbsrvr_name'))]"
            ],
            "properties": {
                "state": "Disabled"
            }
        },
        {
            "type": "Microsoft.Sql/servers/databases/transparentDataEncryption",
            "apiVersion": "2014-04-01",
            "name": "[concat(parameters('servers_sunildbsrvr_name'), '/master/current')]",
            "location": "East US 2",
            "dependsOn": [
                "[resourceId('Microsoft.Sql/servers', parameters('servers_sunildbsrvr_name'))]"
            ],
            "properties": {
                "status": "Disabled"
            }
        },
        {
            "type": "Microsoft.Sql/servers/databases/vulnerabilityAssessments",
            "apiVersion": "2017-03-01-preview",
            "name": "[concat(parameters('servers_sunildbsrvr_name'), '/master/Default')]",
            "dependsOn": [
                "[resourceId('Microsoft.Sql/servers', parameters('servers_sunildbsrvr_name'))]"
            ],
            "properties": {
                "recurringScans": {
                    "isEnabled": false,
                    "emailSubscriptionAdmins": true
                }
            }
        },
        {
            "type": "Microsoft.Sql/servers/encryptionProtector",
            "apiVersion": "2015-05-01-preview",
            "name": "[concat(parameters('servers_sunildbsrvr_name'), '/current')]",
            "dependsOn": [
                "[resourceId('Microsoft.Sql/servers', parameters('servers_sunildbsrvr_name'))]"
            ],
            "kind": "servicemanaged",
            "properties": {
                "serverKeyName": "ServiceManaged",
                "serverKeyType": "ServiceManaged"
            }
        },
        {
            "type": "Microsoft.Sql/servers/extendedAuditingSettings",
            "apiVersion": "2017-03-01-preview",
            "name": "[concat(parameters('servers_sunildbsrvr_name'), '/Default')]",
            "dependsOn": [
                "[resourceId('Microsoft.Sql/servers', parameters('servers_sunildbsrvr_name'))]"
            ],
            "properties": {
                "retentionDays": 0,
                "auditActionsAndGroups": [],
                "isStorageSecondaryKeyInUse": false,
                "isAzureMonitorTargetEnabled": false,
                "state": "Disabled",
                "storageAccountSubscriptionId": "00000000-0000-0000-0000-000000000000"
            }
        },
        {
            "type": "Microsoft.Sql/servers/firewallRules",
            "apiVersion": "2015-05-01-preview",
            "name": "[concat(parameters('servers_sunildbsrvr_name'), '/ClientIPAddress_2020-11-17_09:43:38')]",
            "dependsOn": [
                "[resourceId('Microsoft.Sql/servers', parameters('servers_sunildbsrvr_name'))]"
            ],
            "properties": {
                "startIpAddress": "122.167.162.217",
                "endIpAddress": "122.167.162.217"
            }
        },
        {
            "type": "Microsoft.Sql/servers/keys",
            "apiVersion": "2015-05-01-preview",
            "name": "[concat(parameters('servers_sunildbsrvr_name'), '/ServiceManaged')]",
            "dependsOn": [
                "[resourceId('Microsoft.Sql/servers', parameters('servers_sunildbsrvr_name'))]"
            ],
            "kind": "servicemanaged",
            "properties": {
                "serverKeyType": "ServiceManaged"
            }
        },
        {
            "type": "Microsoft.Sql/servers/securityAlertPolicies",
            "apiVersion": "2020-02-02-preview",
            "name": "[concat(parameters('servers_sunildbsrvr_name'), '/Default')]",
            "dependsOn": [
                "[resourceId('Microsoft.Sql/servers', parameters('servers_sunildbsrvr_name'))]"
            ],
            "properties": {
                "state": "Disabled"
            }
        },
        {
            "type": "Microsoft.Sql/servers/vulnerabilityAssessments",
            "apiVersion": "2018-06-01-preview",
            "name": "[concat(parameters('servers_sunildbsrvr_name'), '/Default')]",
            "dependsOn": [
                "[resourceId('Microsoft.Sql/servers', parameters('servers_sunildbsrvr_name'))]"
            ],
            "properties": {
                "recurringScans": {
                    "isEnabled": false,
                    "emailSubscriptionAdmins": true
                },
                "storageContainerPath": "[parameters('vulnerabilityAssessments_Default_storageContainerPath')]"
            }
        },
        {
            "type": "Microsoft.Storage/storageAccounts/blobServices",
            "apiVersion": "2020-08-01-preview",
            "name": "[concat(parameters('storageAccounts_datargblobsa_name'), '/default')]",
            "dependsOn": [
                "[resourceId('Microsoft.Storage/storageAccounts', parameters('storageAccounts_datargblobsa_name'))]"
            ],
            "sku": {
                "name": "Standard_LRS",
                "tier": "Standard"
            },
            "properties": {
                "cors": {
                    "corsRules": []
                },
                "deleteRetentionPolicy": {
                    "enabled": false
                }
            }
        },
        {
            "type": "Microsoft.Storage/storageAccounts/blobServices",
            "apiVersion": "2020-08-01-preview",
            "name": "[concat(parameters('storageAccounts_datarggenstorev2_name'), '/default')]",
            "dependsOn": [
                "[resourceId('Microsoft.Storage/storageAccounts', parameters('storageAccounts_datarggenstorev2_name'))]"
            ],
            "sku": {
                "name": "Standard_RAGRS",
                "tier": "Standard"
            },
            "properties": {
                "cors": {
                    "corsRules": []
                },
                "deleteRetentionPolicy": {
                    "enabled": false
                }
            }
        },
        {
            "type": "Microsoft.Storage/storageAccounts/fileServices",
            "apiVersion": "2020-08-01-preview",
            "name": "[concat(parameters('storageAccounts_datarggenstorev2_name'), '/default')]",
            "dependsOn": [
                "[resourceId('Microsoft.Storage/storageAccounts', parameters('storageAccounts_datarggenstorev2_name'))]"
            ],
            "sku": {
                "name": "Standard_RAGRS",
                "tier": "Standard"
            },
            "properties": {
                "protocolSettings": {
                    "smb": {}
                },
                "cors": {
                    "corsRules": []
                }
            }
        },
        {
            "type": "Microsoft.Storage/storageAccounts/queueServices",
            "apiVersion": "2020-08-01-preview",
            "name": "[concat(parameters('storageAccounts_datarggenstorev2_name'), '/default')]",
            "dependsOn": [
                "[resourceId('Microsoft.Storage/storageAccounts', parameters('storageAccounts_datarggenstorev2_name'))]"
            ],
            "properties": {
                "cors": {
                    "corsRules": []
                }
            }
        },
        {
            "type": "Microsoft.Storage/storageAccounts/tableServices",
            "apiVersion": "2020-08-01-preview",
            "name": "[concat(parameters('storageAccounts_datargblobsa_name'), '/default')]",
            "dependsOn": [
                "[resourceId('Microsoft.Storage/storageAccounts', parameters('storageAccounts_datargblobsa_name'))]"
            ],
            "properties": {
                "cors": {
                    "corsRules": []
                }
            }
        },
        {
            "type": "Microsoft.Storage/storageAccounts/tableServices",
            "apiVersion": "2020-08-01-preview",
            "name": "[concat(parameters('storageAccounts_datarggenstorev2_name'), '/default')]",
            "dependsOn": [
                "[resourceId('Microsoft.Storage/storageAccounts', parameters('storageAccounts_datarggenstorev2_name'))]"
            ],
            "properties": {
                "cors": {
                    "corsRules": []
                }
            }
        },
        {
            "type": "Microsoft.Sql/servers/databases/auditingPolicies",
            "apiVersion": "2014-04-01",
            "name": "[concat(parameters('servers_sunildbsrvr_name'), '/Azure_DW/Default')]",
            "location": "East US 2",
            "dependsOn": [
                "[resourceId('Microsoft.Sql/servers/databases', parameters('servers_sunildbsrvr_name'), 'Azure_DW')]",
                "[resourceId('Microsoft.Sql/servers', parameters('servers_sunildbsrvr_name'))]"
            ],
            "properties": {
                "auditingState": "Disabled"
            }
        },
        {
            "type": "Microsoft.Sql/servers/databases/auditingSettings",
            "apiVersion": "2017-03-01-preview",
            "name": "[concat(parameters('servers_sunildbsrvr_name'), '/Azure_DW/Default')]",
            "dependsOn": [
                "[resourceId('Microsoft.Sql/servers/databases', parameters('servers_sunildbsrvr_name'), 'Azure_DW')]",
                "[resourceId('Microsoft.Sql/servers', parameters('servers_sunildbsrvr_name'))]"
            ],
            "properties": {
                "retentionDays": 0,
                "auditActionsAndGroups": [],
                "isStorageSecondaryKeyInUse": false,
                "isAzureMonitorTargetEnabled": false,
                "state": "Disabled",
                "storageAccountSubscriptionId": "00000000-0000-0000-0000-000000000000"
            }
        },
        {
            "type": "Microsoft.Sql/servers/databases/extendedAuditingSettings",
            "apiVersion": "2017-03-01-preview",
            "name": "[concat(parameters('servers_sunildbsrvr_name'), '/Azure_DW/Default')]",
            "dependsOn": [
                "[resourceId('Microsoft.Sql/servers/databases', parameters('servers_sunildbsrvr_name'), 'Azure_DW')]",
                "[resourceId('Microsoft.Sql/servers', parameters('servers_sunildbsrvr_name'))]"
            ],
            "properties": {
                "retentionDays": 0,
                "auditActionsAndGroups": [],
                "isStorageSecondaryKeyInUse": false,
                "isAzureMonitorTargetEnabled": false,
                "state": "Disabled",
                "storageAccountSubscriptionId": "00000000-0000-0000-0000-000000000000"
            }
        },
        {
            "type": "Microsoft.Sql/servers/databases/geoBackupPolicies",
            "apiVersion": "2014-04-01",
            "name": "[concat(parameters('servers_sunildbsrvr_name'), '/Azure_DW/Default')]",
            "location": "East US 2",
            "dependsOn": [
                "[resourceId('Microsoft.Sql/servers/databases', parameters('servers_sunildbsrvr_name'), 'Azure_DW')]",
                "[resourceId('Microsoft.Sql/servers', parameters('servers_sunildbsrvr_name'))]"
            ],
            "properties": {
                "state": "Enabled"
            }
        },
        {
            "type": "Microsoft.Sql/servers/databases/securityAlertPolicies",
            "apiVersion": "2020-02-02-preview",
            "name": "[concat(parameters('servers_sunildbsrvr_name'), '/Azure_DW/Default')]",
            "dependsOn": [
                "[resourceId('Microsoft.Sql/servers/databases', parameters('servers_sunildbsrvr_name'), 'Azure_DW')]",
                "[resourceId('Microsoft.Sql/servers', parameters('servers_sunildbsrvr_name'))]"
            ],
            "properties": {
                "state": "Disabled"
            }
        },
        {
            "type": "Microsoft.Sql/servers/databases/transparentDataEncryption",
            "apiVersion": "2014-04-01",
            "name": "[concat(parameters('servers_sunildbsrvr_name'), '/Azure_DW/current')]",
            "location": "East US 2",
            "dependsOn": [
                "[resourceId('Microsoft.Sql/servers/databases', parameters('servers_sunildbsrvr_name'), 'Azure_DW')]",
                "[resourceId('Microsoft.Sql/servers', parameters('servers_sunildbsrvr_name'))]"
            ],
            "properties": {
                "status": "Disabled"
            }
        },
        {
            "type": "Microsoft.Sql/servers/databases/vulnerabilityAssessments",
            "apiVersion": "2017-03-01-preview",
            "name": "[concat(parameters('servers_sunildbsrvr_name'), '/Azure_DW/Default')]",
            "dependsOn": [
                "[resourceId('Microsoft.Sql/servers/databases', parameters('servers_sunildbsrvr_name'), 'Azure_DW')]",
                "[resourceId('Microsoft.Sql/servers', parameters('servers_sunildbsrvr_name'))]"
            ],
            "properties": {
                "recurringScans": {
                    "isEnabled": false,
                    "emailSubscriptionAdmins": true
                }
            }
        },
        {
            "type": "Microsoft.Storage/storageAccounts/blobServices/containers",
            "apiVersion": "2020-08-01-preview",
            "name": "[concat(parameters('storageAccounts_datarggenstorev2_name'), '/default/audience-fs')]",
            "dependsOn": [
                "[resourceId('Microsoft.Storage/storageAccounts/blobServices', parameters('storageAccounts_datarggenstorev2_name'), 'default')]",
                "[resourceId('Microsoft.Storage/storageAccounts', parameters('storageAccounts_datarggenstorev2_name'))]"
            ],
            "properties": {
                "defaultEncryptionScope": "$account-encryption-key",
                "denyEncryptionScopeOverride": false,
                "publicAccess": "None"
            }
        },
        {
            "type": "Microsoft.Storage/storageAccounts/blobServices/containers",
            "apiVersion": "2020-08-01-preview",
            "name": "[concat(parameters('storageAccounts_datargblobsa_name'), '/default/blob-container')]",
            "dependsOn": [
                "[resourceId('Microsoft.Storage/storageAccounts/blobServices', parameters('storageAccounts_datargblobsa_name'), 'default')]",
                "[resourceId('Microsoft.Storage/storageAccounts', parameters('storageAccounts_datargblobsa_name'))]"
            ],
            "properties": {
                "defaultEncryptionScope": "$account-encryption-key",
                "denyEncryptionScopeOverride": false,
                "publicAccess": "None"
            }
        }
    ]
}